input,label
What is the reference for the door on an Audi A3?,AA34517
What's the part number for BMW 3 Series headlight?,BM45982
Can you provide the reference for Toyota Camry windshield?,TC78234
What is the reference code for Honda Civic brake pads?,HC56789
What's the part number for Mercedes C-Class air filter?,MC12345
Reference for Ford Focus alternator?,FF87654
What is the reference for Volkswagen Golf radiator?,VG23456
Part number for Hyundai Elantra oil filter?,HE34567
What's the reference for Nissan Altima spark plugs?,NA45678
Reference code for Kia Sportage side mirror?,KS56789
What is the part number for Mazda CX-5 fuel pump?,MC67890
Reference for Subaru Outback timing belt?,SO78901
What's the reference for Chevrolet Malibu shock absorber?,CM89012
Part number for Lexus RX350 battery?,LR90123
What is the reference for Volvo XC60 wiper blades?,VX01234
Reference code for Jeep Wrangler starter motor?,JW12345
What's the part number for Tesla Model 3 charging port?,TM23456
What is the reference for Porsche 911 brake discs?,PN34567
Reference for Fiat 500 clutch kit?,FF45678
What's the part number for Mini Cooper water pump?,MC56789
Reference code for Land Rover Discovery air suspension?,LD67890
What is the reference for Jaguar XF exhaust manifold?,JX78901
Part number for Renault Clio transmission?,RC89012
What's the reference for Peugeot 308 catalytic converter?,PT90123
Reference for Citroen C3 power steering pump?,CC01234
What is the part number for Audi Q5 taillight?,AQ12345
Reference code for BMW X5 door handle?,BX23456
What's the reference for Toyota Prius hybrid battery?,TP34567
Part number for Honda Accord steering wheel?,HA45678
What is the reference for Mercedes E-Class sunroof?,ME56789
Reference for Ford Mustang engine mount?,FM67890
What's the part number for Volkswagen Passat gearbox?,VP78901
Reference code for Hyundai Tucson front bumper?,HT89012
What is the reference for Nissan Qashqai rear bumper?,NQ90123
Part number for Kia Rio roof rack?,KR01234
What's the reference for Mazda 3 side skirts?,MT12345
Reference for Subaru Forester fog lights?,SF23456
What is the part number for Chevrolet Cruze thermostat?,CC34567
Reference code for Lexus IS300 seat belt?,LI45678
What's the reference for Volvo S60 control arm?,VS56789
Part number for Jeep Cherokee fuel tank?,JC67890
What is the reference for Tesla Model S touch screen?,TS78901
Reference for Porsche Cayenne air compressor?,PC89012
What's the part number for Fiat Punto radiator fan?,FP90123
Reference code for Mini Countryman suspension springs?,MC01234
What is the reference for Land Rover Range Rover ABS module?,LR12345
Part number for Jaguar F-Pace differential?,JF23456
What's the reference for Renault Megane wheel bearing?,RM34567
Reference for Peugeot 208 ECU?,PE45678
What is the part number for Citroen C4 oxygen sensor?,CC56789
Reference code for Audi A4 turbocharger?,AA67890
What's the reference for BMW 5 Series intercooler?,BF78901
Part number for Toyota RAV4 driveshaft?,TR89012
What is the reference for Honda CR-V fuel injector?,HC90123
Reference for Mercedes GLC alternator belt?,MG01234
What's the part number for Ford Fiesta window regulator?,FF12345
Reference code for Volkswagen Tiguan intake manifold?,VT23456
What is the reference for Hyundai Santa Fe throttle body?,HS34567
Part number for Nissan Juke steering rack?,NJ45678
What's the reference for Kia Sorento lambda sensor?,KS56789
Reference for Mazda 6 wheel hub?,MS67890
What is the part number for Subaru Impreza clutch plate?,SI78901
Reference code for Chevrolet Spark ignition coil?,CS89012
What's the reference for Lexus NX200 drive belt?,LN90123
Part number for Volvo V90 rear light cluster?,VV01234
What is the reference for Jeep Renegade camshaft?,JR12345
Reference for Tesla Model Y window switch?,TY23456
What's the part number for Porsche Macan brake calipers?,PM34567
Reference code for Fiat Ducato starter relay?,FD45678
What is the reference for Mini Cooper brake master cylinder?,MC56789
Part number for Land Rover Defender transfer case?,LD67890
What's the reference for Jaguar E-Pace door seal?,JE78901
Reference for Renault Kadjar cabin filter?,RK89012
What is the part number for Peugeot 508 exhaust pipe?,PF90123
Reference code for Citroen Berlingo head gasket?,CB01234
What's the reference for Audi TT coil spring?,AT12345
Part number for BMW i3 electric motor?,BI23456
What is the reference for Toyota Hilux ball joint?,TH34567
Reference for Honda Jazz CV joint?,HJ45678
What's the part number for Mercedes A-Class fuel filter?,MA56789
Reference code for Ford Kuga fan belt?,FK67890
What is the reference for Volkswagen Polo EGR valve?,VP78901
Part number for Hyundai i30 crankshaft sensor?,HI89012
What's the reference for Nissan Micra wheel arch liner?,NM90123
Reference for Kia Ceed brake light switch?,KC01234
What is the part number for Mazda MX-5 convertible roof motor?,MM12345
Reference code for Subaru XV stabilizer link?,SX23456
What's the reference for Chevrolet Aveo tie rod end?,CA34567
Part number for Lexus CT200h hybrid inverter?,LC45678
What is the reference for Volvo XC40 door lock?,VX56789
Reference for Jeep Compass glow plugs?,JC67890
What's the part number for Tesla Model X air conditioning compressor?,TX78901
Reference code for Porsche Panamera leather seat?,PP89012
What is the reference for Fiat Tipo wiper motor?,FT90123
Part number for Mini One radiator cap?,MO01234
What's the reference for Land Rover Freelander transfer box seal?,LF12345
Reference for Jaguar XE climate control unit?,JX23456
What is the reference for Aston Martin DB11 fuel cap?,AM78945
Reference code for Alfa Romeo Giulia wheel nuts?,AR45612
What's the part number for Bentley Continental airbag sensor?,BC34789
Part number for Bugatti Chiron transmission fluid pump?,BC67234
What is the reference for Cadillac Escalade rear view mirror?,CE89432
Reference for Dacia Sandero clutch cylinder?,DS23498
What's the part number for Ferrari 488 brake light bulb?,FB56723
Reference code for GMC Yukon window motor?,GY98734
What is the reference for Infiniti Q50 door latch?,IQ54321
Part number for Isuzu D-Max clutch master cylinder?,ID78654
What's the reference for Koenigsegg Agera cooling fan?,KA43567
Reference for Lamborghini Huracan serpentine belt?,LH87234
What is the part number for Lotus Elise throttle position sensor?,LE56432
Reference code for Maserati Ghibli fuse box?,MG12879
What's the reference for McLaren 720S windshield wiper?,MC80765
Part number for Opel Corsa radiator hose?,OC76543
What is the reference for Pagani Huayra ignition switch?,PH34598
Reference for RAM 1500 door hinge?,RA45367
What's the part number for Rolls-Royce Phantom headliner?,RP87342
Reference code for Saab 9-3 accelerator pedal?,SA65419
What is the reference for Seat Ibiza CV boot?,SI14785
Part number for Skoda Octavia alternator pulley?,SO25836
What's the reference for Smart ForTwo handbrake cable?,SF36925
Reference for Ssangyong Rexton fuel level sensor?,SR74125
What is the part number for Suzuki Swift starter solenoid?,SS42568
Reference code for Vauxhall Astra engine control module?,VA75321
What's the reference for Ferrari F8 oil filter housing?,FF42198
Part number for Dodge Challenger radiator cap?,DC31475
What is the reference for Bentley Bentayga brake fluid reservoir?,BB58742
Reference for Acura MDX power steering hose?,AM61398
What's the part number for Alfa Romeo Stelvio exhaust tip?,AS45987
Reference code for Aston Martin Vantage coolant reservoir?,AV25874
What is the reference for Tesla Model Y heat pump?,TY69874
Part number for Bugatti Veyron oil cooler?,BV14587
What's the reference for Cadillac CT5 window switch?,CC41587
Reference for Chevrolet Silverado alternator belt tensioner?,CS78541
What is the part number for Chrysler 300 oil pan gasket?,CT63254
Reference code for Dacia Duster transmission mount?,DD45698
What's the reference for Ferrari Roma coolant temperature sensor?,FR78965
Part number for Fiat Doblo door check strap?,FD45987
What is the reference for Ford Ranger differential oil seal?,FR13574
Reference for GMC Sierra tailgate strut?,GS87456
What's the part number for Honda Odyssey sliding door motor?,HO45123
Reference code for Hyundai Kona electric charging port cover?,HK78965
What is the reference for Infiniti QX60 hood latch?,IQ45689
Part number for Isuzu MU-X A/C compressor?,IM56324
What's the reference for Jaguar I-Pace battery management module?,JI78945
Reference for Jeep Grand Cherokee suspension airbag?,JG23456
What is the part number for Kia Stinger brake booster?,KS45678
Reference code for Koenigsegg Jesko turbine wheel?,KJ98745
What's the reference for Lamborghini Urus drive belt?,LU45632
Part number for Land Rover Evoque parking sensor?,LE78954
What is the reference for Lexus LS500 adaptive headlight motor?,LL65478
Reference for Lotus Evora cabin air filter?,LE32569
What's the part number for Maserati Levante intercooler hose?,ML45698
Reference code for Mazda CX-9 parking brake cable?,MC65897
What is the reference for McLaren P1 throttle actuator?,MP23456
Part number for Mercedes AMG GT exhaust valve?,MA78546
What's the reference for Mini Clubman rear wiper arm?,MC45698
Reference for Mitsubishi Outlander transfer case seal?,MO45987
What is the part number for Nissan GT-R turbo wastegate?,NG78956
Reference code for Opel Insignia wheel speed sensor?,OI45698
What's the reference for Pagani Zonda fuel pressure regulator?,PZ78923
Part number for Peugeot 3008 instrument cluster?,PT34578
What is the reference for Porsche Taycan electric motor bearing?,PT98745
Reference for RAM 2500 diesel particulate filter?,RA65874
What's the part number for Renault Captur engine mount bushing?,RC45632
Reference code for Rolls-Royce Cullinan air suspension compressor?,RC98754
What is the reference for Saab 9-5 power steering pump?,SA45678
Part number for Seat Leon turbo oil feed pipe?,SL45896
What's the reference for Skoda Superb water pump gasket?,SS78956
Reference for Smart ForFour drive belt tensioner?,SF45632
What is the part number for Ssangyong Tivoli brake servo?,ST78945
Reference code for Subaru BRZ differential mount?,SB45698
What's the reference for Suzuki Jimny transfer case lever?,SJ78965
Part number for Toyota Land Cruiser EGR cooler?,TL45987
What is the reference for Vauxhall Insignia flywheel?,VI78945
Reference for Volkswagen Arteon front bumper grille?,VA45698
What's the part number for Volvo XC90 air suspension compressor?,VX78965
Reference code for Alfa Romeo 4C carbon fiber mirror cover?,AR12345
What is the reference for Abarth 595 turbo actuator?,AB67890
Part number for Cupra Formentor key fob battery?,CF12345
What's the reference for DS 7 Crossback front camera sensor?,DS67890
Reference for Genesis G70 door weatherstrip?,GG12345
What is the part number for Lancia Ypsilon valve cover gasket?,LY67890
Reference code for MG ZS electric motor controller?,MZ12345
What's the reference for Rivian R1T battery thermal management system?,RR67890
Part number for Wey Coffee 01 instrument panel?,WC12345
What is the reference for Alpine A110 brake caliper seal?,AA67890
What is the reference number for Škoda Kamiq sunroof motor?,SK54789
Reference code for Daihatsu Terios valve cover?,DT67542
What's the part number for Proton X70 door seal?,PX45123
Part number for Tata Nexon airbag controller?,TN78231
What is the reference for Great Wall Haval fuel pump relay?,GH65497
Reference for Lotus Exige coolant expansion tank?,LE89234
What's the reference code for Lexus UX300e battery cooling module?,LU67523
Part number for Fisker Ocean interior light switch?,FO98745
What is the reference for Lucid Air suspension control unit?,LA45678
Reference code for Rimac Nevera high voltage connector?,RN34567
What's the part number for Tesla Cybertruck wiper mechanism?,TC67549
Part number for BYD Han EV charging port cover?,BH23498
What is the reference for Xpeng P7 rear differential?,XP56734
Reference for NIO ES8 battery swap mechanism?,NE78934
What's the part number for Polestar 2 brake vacuum pump?,PS45672
Reference code for Lynk & Co 01 instrument cluster screen?,LC65743
What is the reference for Mazda MX-30 electric motor mount?,MM67834
Part number for Suzuki Swace door mirror motor?,SS45123
What's the reference for Dacia Spring electric coolant pump?,DS87654
Reference code for Dongfeng Fengshen brake master cylinder?,DF56782
What is the part number for Hongqi E-HS9 door handle?,HE67894
Reference for GAC Trumpchi headlight assembly?,GT45632
What's the reference for Chery Tiggo sun visor clip?,CT67543
Part number for Zeekr 001 front axle bearing?,ZF89023
What is the reference for SsangYong Korando taillight seal?,SK45675
Reference code for Smart EQ ForTwo charging cable?,SE34521
What's the part number for Geely Coolray engine splash guard?,GC67843
Reference for JAC iEV7S main relay switch?,JI56743
What is the reference for ChangAn CS75 rear shock absorber?,CC98743
Part number for Haval H6 transmission oil filter?,HH56743
What's the reference for Ora Cat steering column cover?,OC34567
Reference code for Vinfast VF8 brake pedal sensor?,VV45673
What is the part number for MG4 electric power steering pump?,MF78945
Reference for Aiways U5 window regulator mechanism?,AU56743
What's the reference for Seres 3 heater core matrix?,SE67843
Part number for Baojun E300 wheel bearing seal?,BE78945
What is the reference for Leapmotor T03 charging port flap?,LT89645
Reference code for Aito M5 traction control module?,AM55743
What's the part number for Renault Austral hybrid transmission mount?,RA67893
Reference for Citroen Ami electric window motor?,CA56734
What is the reference for Daewoo Matiz timing belt tensioner?,DM67854
Part number for Saturn Vue coolant temperature sensor?,SV45673
What's the reference for Hummer EV battery contactor?,HE67834
Reference code for Pontiac Vibe alternator diode?,PV56789
What is the part number for Plymouth Voyager fuel sending unit?,PV78432
Reference for Mercury Mariner O2 sensor?,MM56743
What's the reference for Saab 900 turbo actuator rod?,SN67856
Part number for Holden Commodore fuel pressure regulator?,HC87654
What is the reference for Dodge Ram power steering pump seal?,DR45675
Reference code for Infiniti G37 tail light bulb holder?,IG56743
What's the part number for Mitsubishi Eclipse throttle position sensor?,ME67459
Reference for Subaru Ascent brake booster vacuum sensor?,SA89654
What is the reference for Acura RDX adaptive damper?,AR67854
Part number for GMC Terrain DPF pressure sensor?,GT56743
What's the reference for Buick LaCrosse ignition coil connector?,BL89076
Reference code for Chevrolet Bolt EV battery cell balancer?,CB67543
What is the part number for Lincoln Navigator air suspension solenoid?,LN56734
Reference for Cadillac XT6 wireless charging pad?,CX98734
What's the reference for Ford Puma reversing camera wiring harness?,FP67845
Part number for Toyota Aygo brake caliper slider pin?,TA56743
What is the reference for Honda Insight hybrid control unit?,HI89654
Reference code for Hyundai Bayon climate control knob?,HB56743
What's the part number for Kia Niro PHEV charging port?,KN67854
Reference for Volkswagen ID.4 high voltage junction box?,VI56743
What is the reference for Audi e-tron drive inverter cooling pump?,AE89065
Part number for Porsche Taycan auxiliary battery?,PT56743
What's the reference for Ferrari SF90 hybrid system controller?,FS67843
Reference code for Bentley Bentayga air suspension valve block?,BB89654
What is the part number for Rolls-Royce Ghost starlight headliner module?,RG67852
Reference for McLaren Artura hybrid battery management system?,MA56743
What's the reference for Lamborghini Sian cooling fan controller?,LS67534
Part number for Bugatti Divo brake servo vacuum pump?,BD88954
What is the reference for Koenigsegg Gemera exhaust valve actuator?,KG67845
Reference code for Pagani Huayra door strut?,PH56734
What's the part number for Maserati MC20 ignition control module?,MM67854
Reference for Tesla Model 3 rear drive unit mounting bracket?,TM56734
What is the reference for Rivian R1S front anti-roll bar?,RS89654
Part number for Lucid Air coolant pump controller?,LA67854
What's the reference for Fisker Ocean rear shock absorber?,FO56743
Reference code for Toyota GR86 air intake resonator?,TG89654
What is the part number for Honda NSX hybrid cooling system pump?,HN67543
Reference for BMW M440i valve cover gasket?,BM56743
What's the reference for Mercedes EQS battery cooling plate?,ME67853
Part number for Peugeot e-208 DC/DC converter?,PE89654
What is the reference for Vauxhall Mokka-e charging port door?,VM56743
Reference code for Fiat 500e high voltage battery disconnect?,FF67853
What's the part number for Ford F-150 Lightning front trunk latch?,FL56743
Reference for Land Rover Defender P400e boost pressure sensor?,LD89654
What is the reference for Jaguar I-Pace battery cooling system controller?,JI56743
Part number for Volvo C40 Recharge heat pump valve?,VC67854
What's the reference for Alfa Romeo Tonale hybrid control module?,AT56743
Reference code for Lotus Emira intake manifold gasket?,LE89054
What is the part number for Alpine A110 GT4 ignition system wiring harness?,AA67854
Reference for Abarth 124 Spider turbo intake pipe?,AB56753
What's the reference for Subaru BRZ fuel tank strap?,SB89654